district_code,district_name,year,income_eur,rent_eur_month,rent_eur_m2_median,lease_count,rent_to_income_ratio,ine_rent_index,cpi_index_2015_100,income_index_nominal,rent_index_nominal,income_index_real,rent_index_real,ine_rent_index_real
0801901,Ciutat Vella,2015,24565.0,600.00,10.8246296296296,7119,0.2931,100.0,100.00,100.00,100.00,100.00,100.00,100.00
0801901,Ciutat Vella,2016,25112.0,600.00,11.1519989106754,7698,0.2867,101.888,100.18,102.23,100.00,102.05,99.82,101.71
0801901,Ciutat Vella,2017,25523.0,650.00,11.9029850746269,8059,0.3056,105.336,102.32,103.90,108.33,101.54,105.87,102.94
0801901,Ciutat Vella,2018,26822.0,700.00,12.759375,8309,0.3132,109.353,104.16,109.19,116.67,104.83,112.01,104.98
0801901,Ciutat Vella,2019,28329.0,750.00,13.8566964285714,8654,0.3177,113.538,105.13,115.32,125.00,109.69,118.90,107.99
0801901,Ciutat Vella,2020,27329.0,742.71,13.5704609929078,8751,0.3261,110.636,104.80,111.25,123.79,106.15,118.11,105.57
0801901,Ciutat Vella,2021,28528.0,737.24,13.60560570382,8950,0.3101,110.184,107.67,116.13,122.87,107.86,114.12,102.34
0801901,Ciutat Vella,2022,30572.0,761.96,14.2222222222222,9159,0.2991,114.106,115.87,124.45,126.99,107.41,109.60,98.48
0801901,Ciutat Vella,2023,33802.0,805.00,14.9450561797753,9367,0.2858,118.337,119.84,137.60,134.17,114.82,111.95,98.74
0801902,Eixample,2015,39624.0,715.65,9.6947194719472,21020,0.2167,100.0,100.00,100.00,100.00,100.00,100.00,100.00
0801902,Eixample,2016,40367.0,750.00,10,22327,0.2230,101.84,100.18,101.88,104.80,101.70,104.62,101.66
0801902,Eixample,2017,40953.0,778.43,10.5,23183,0.2281,104.706,102.32,103.35,108.77,101.01,106.30,102.33
0801902,Eixample,2018,42641.0,828.59,11.2359550561798,23919,0.2332,109.485,104.16,107.61,115.78,103.31,111.16,105.11
0801902,Eixample,2019,44487.0,902.69,12.3208002108186,24347,0.2435,113.883,105.13,112.27,126.14,106.79,119.98,108.32
0801902,Eixample,2020,43849.0,917.50,12.5,24726,0.2511,113.708,104.80,110.66,128.21,105.59,122.33,108.50
0801902,Eixample,2021,44947.0,918.90,12.5,25364,0.2453,113.635,107.67,113.43,128.40,105.36,119.26,105.54
0801902,Eixample,2022,47663.0,958.55,13.02075,25784,0.2413,117.282,115.87,120.29,133.94,103.82,115.60,101.22
0801902,Eixample,2023,51637.0,1008.33,13.6666666666667,26441,0.2343,121.271,119.84,130.32,140.90,108.74,117.57,101.19
0801903,Sants-Montjuïc,2015,31246.0,600.00,9.27135273972603,11392,0.2304,100.0,100.00,100.00,100.00,100.00,100.00,100.00
0801903,Sants-Montjuïc,2016,31735.0,601.20,9.52380952380952,12102,0.2273,102.099,100.18,101.57,100.20,101.39,100.02,101.92
0801903,Sants-Montjuïc,2017,32192.0,642.08,9.89583333333333,12714,0.2393,104.804,102.32,103.03,107.01,100.69,104.58,102.42
0801903,Sants-Montjuïc,2018,33622.0,685.69,10.5861348620288,13239,0.2447,109.136,104.16,107.60,114.28,103.31,109.72,104.78
0801903,Sants-Montjuïc,2019,35167.0,747.42,11.5942028985507,13703,0.2550,113.914,105.13,112.55,124.57,107.05,118.49,108.35
0801903,Sants-Montjuïc,2020,34888.0,752.09,11.8387158469945,13970,0.2587,114.608,104.80,111.66,125.35,106.54,119.60,109.36
0801903,Sants-Montjuïc,2021,36071.0,759.82,11.9791666666667,14480,0.2528,115.072,107.67,115.44,126.64,107.22,117.62,106.88
0801903,Sants-Montjuïc,2022,37937.0,800.00,12.4117647058824,14803,0.2531,118.184,115.87,121.41,133.33,104.79,115.08,102.00
0801903,Sants-Montjuïc,2023,40651.0,825.00,12.9032258064516,15285,0.2435,121.456,119.84,130.10,137.50,108.56,114.73,101.35
0801904,Les Corts,2015,49709.0,750.00,10.3952239082604,5846,0.1811,100.0,100.00,100.00,100.00,100.00,100.00,100.00
0801904,Les Corts,2016,52433.0,775.00,10.7352941176471,6212,0.1774,101.915,100.18,105.48,103.33,105.30,103.15,101.74
0801904,Les Corts,2017,52604.0,810.00,11.2876688311688,6513,0.1848,104.538,102.32,105.82,108.00,103.42,105.55,102.16
0801904,Les Corts,2018,54429.0,870.36,12,6705,0.1919,108.232,104.16,109.50,116.05,105.12,111.41,103.91
0801904,Les Corts,2019,55875.0,943.89,13.0071568536976,6748,0.2027,112.257,105.13,112.40,125.85,106.92,119.71,106.78
0801904,Les Corts,2020,54260.0,953.13,13.195,6822,0.2108,112.194,104.80,109.16,127.08,104.15,121.26,107.05
0801904,Les Corts,2021,54767.0,954.75,13.1874820125398,6951,0.2092,112.006,107.67,110.18,127.30,102.33,118.23,104.03
0801904,Les Corts,2022,58364.0,1000.00,13.7174533855161,7042,0.2056,115.139,115.87,117.41,133.33,101.33,115.08,99.37
0801904,Les Corts,2023,63118.0,1048.74,14.3343055555556,7301,0.1994,118.975,119.84,126.97,139.83,105.95,116.68,99.28
0801905,Sarrià-Sant Gervasi,2015,61646.0,801.66,10.5080248978075,11446,0.1561,100.0,100.00,100.00,100.00,100.00,100.00,100.00
0801905,Sarrià-Sant Gervasi,2016,64199.0,833.33,10.8433734939759,11917,0.1558,101.783,100.18,104.14,103.95,103.96,103.77,101.60
0801905,Sarrià-Sant Gervasi,2017,65517.0,875.84,11.4197530864198,12364,0.1604,104.407,102.32,106.28,109.25,103.86,106.77,102.03
0801905,Sarrià-Sant Gervasi,2018,69600.0,928.08,12.1882456140351,12669,0.1600,107.915,104.16,112.90,115.77,108.39,111.15,103.60
0801905,Sarrià-Sant Gervasi,2019,71131.0,1011.00,13.1756756756757,12655,0.1706,111.466,105.13,115.39,126.11,109.75,119.96,106.02
0801905,Sarrià-Sant Gervasi,2020,67850.0,1049.85,13.4121175097962,12735,0.1857,111.995,104.80,110.06,130.96,105.02,124.96,106.86
0801905,Sarrià-Sant Gervasi,2021,67917.0,1051.51,13.4697344322344,12954,0.1858,112.264,107.67,110.17,131.17,102.33,121.82,104.27
0801905,Sarrià-Sant Gervasi,2022,74733.0,1100.00,14.0040983606557,12951,0.1766,115.886,115.87,121.23,137.22,104.63,118.43,100.02
0801905,Sarrià-Sant Gervasi,2023,81478.0,1173.02,14.7016944444444,13429,0.1728,119.813,119.84,132.17,146.32,110.29,122.10,99.98
0801906,Gràcia,2015,36900.0,650.00,9.86842105263158,10313,0.2114,100.0,100.00,100.00,100.00,100.00,100.00,100.00
0801906,Gràcia,2016,37480.0,675.00,10.15625,10842,0.2161,101.742,100.18,101.57,103.85,101.39,103.66,101.56
0801906,Gràcia,2017,38015.0,700.00,10.6010439605252,11374,0.2210,104.114,102.32,103.02,107.69,100.68,105.25,101.75
0801906,Gràcia,2018,39723.0,750.00,11.318407960199,11625,0.2266,108.292,104.16,107.65,115.38,103.35,110.78,103.97
0801906,Gràcia,2019,41479.0,810.00,12.3701321122918,11823,0.2343,112.583,105.13,112.41,124.62,106.92,118.53,107.09
0801906,Gràcia,2020,41385.0,826.10,12.5651783273132,12074,0.2395,112.915,104.80,112.15,127.09,107.01,121.27,107.74
0801906,Gràcia,2021,42530.0,834.02,12.6984126984127,12345,0.2353,113.325,107.67,115.26,128.31,107.05,119.17,105.25
0801906,Gràcia,2022,44713.0,858.50,13.1835745614035,12590,0.2304,116.768,115.87,121.17,132.08,104.58,113.99,100.78
0801906,Gràcia,2023,48191.0,900.00,13.7905576271913,12967,0.2241,120.429,119.84,130.60,138.46,108.98,115.54,100.49
0801907,Horta-Guinardó,2015,32221.0,550.00,8.62068965517241,10075,0.2048,100.0,100.00,100.00,100.00,100.00,100.00,100.00
0801907,Horta-Guinardó,2016,32777.0,554.17,8.8346875,10866,0.2029,101.72,100.18,101.73,100.76,101.55,100.58,101.54
0801907,Horta-Guinardó,2017,33163.0,597.56,9.2836,11574,0.2162,104.399,102.32,102.92,108.65,100.59,106.18,102.03
0801907,Horta-Guinardó,2018,34430.0,625.00,9.85071694460989,12278,0.2178,108.576,104.16,106.86,113.64,102.59,109.10,104.24
0801907,Horta-Guinardó,2019,35748.0,681.20,10.7643552728162,12576,0.2287,113.166,105.13,110.95,123.85,105.53,117.81,107.64
0801907,Horta-Guinardó,2020,35695.0,700.00,11.0655737704918,12828,0.2353,114.533,104.80,110.78,127.27,105.71,121.44,109.28
0801907,Horta-Guinardó,2021,36839.0,707.63,11.2903225806452,13231,0.2305,115.376,107.67,114.33,128.66,106.19,119.50,107.16
0801907,Horta-Guinardó,2022,38592.0,740.14,11.6666666666667,13600,0.2301,118.323,115.87,119.77,134.57,103.37,116.14,102.12
0801907,Horta-Guinardó,2023,41508.0,765.00,12.1454022988506,14190,0.2212,121.546,119.84,128.82,139.09,107.49,116.06,101.42
0801908,Nou Barris,2015,27351.0,500.00,8.33333333333333,7779,0.2194,100.0,100.00,100.00,100.00,100.00,100.00,100.00
0801908,Nou Barris,2016,27772.0,516.49,8.53711538461538,8448,0.2232,102.13,100.18,101.54,103.30,101.36,103.12,101.95
0801908,Nou Barris,2017,28034.0,545.46,8.8235294117647,9101,0.2335,104.162,102.32,102.50,109.09,100.17,106.61,101.80
0801908,Nou Barris,2018,29223.0,570.26,9.41176470588235,9725,0.2342,108.203,104.16,106.84,114.05,102.58,109.50,103.88
0801908,Nou Barris,2019,30385.0,618.32,10.1864444444444,10093,0.2442,113.133,105.13,111.09,123.66,105.67,117.63,107.61
0801908,Nou Barris,2020,30212.0,650.00,10.4938271604938,10398,0.2582,114.558,104.80,110.46,130.00,105.40,124.04,109.31
0801908,Nou Barris,2021,31169.0,650.00,10.7692307692308,10730,0.2502,115.999,107.67,113.96,130.00,105.84,120.74,107.74
0801908,Nou Barris,2022,32739.0,675.50,11.1111111111111,11088,0.2476,118.313,115.87,119.70,135.10,103.31,116.60,102.11
0801908,Nou Barris,2023,35108.0,700.00,11.5502073243301,11620,0.2393,120.925,119.84,128.36,140.00,107.11,116.82,100.90
0801909,Sant Andreu,2015,32722.0,576.52,8.59718274696574,7291,0.2114,100.0,100.00,100.00,100.00,100.00,100.00,100.00
0801909,Sant Andreu,2016,33353.0,598.80,8.8235294117647,7846,0.2154,101.498,100.18,101.93,103.86,101.75,103.68,101.32
0801909,Sant Andreu,2017,33814.0,602.08,9.15492957746479,8287,0.2137,103.884,102.32,103.34,104.43,100.99,102.06,101.52
0801909,Sant Andreu,2018,35189.0,650.00,9.64285714285714,8765,0.2217,107.454,104.16,107.54,112.74,103.24,108.24,103.16
0801909,Sant Andreu,2019,36484.0,700.00,10.4918032786885,8993,0.2302,111.482,105.13,111.50,121.42,106.05,115.49,106.04
0801909,Sant Andreu,2020,36519.0,716.67,10.8197101449275,9175,0.2355,112.848,104.80,111.60,124.31,106.49,118.61,107.68
0801909,Sant Andreu,2021,37669.0,735.18,11.0557630910437,9478,0.2342,113.998,107.67,115.12,127.52,106.92,118.44,105.88
0801909,Sant Andreu,2022,39274.0,750.47,11.3924050632911,9694,0.2293,116.659,115.87,120.02,130.17,103.59,112.35,100.68
0801909,Sant Andreu,2023,41976.0,790.04,11.8798530710931,10139,0.2259,119.743,119.84,128.28,137.04,107.04,114.35,99.92
0801910,Sant Martí,2015,33847.0,610.16,9.17169225146199,12690,0.2163,100.0,100.00,100.00,100.00,100.00,100.00,100.00
0801910,Sant Martí,2016,34716.0,630.42,9.4128507295174,13630,0.2179,102.024,100.18,102.57,103.32,102.39,103.14,101.85
0801910,Sant Martí,2017,35166.0,650.00,9.83606557377049,14460,0.2218,104.752,102.32,103.90,106.53,101.54,104.11,102.37
0801910,Sant Martí,2018,36560.0,700.00,10.5,15178,0.2298,109.27,104.16,108.02,114.72,103.70,110.14,104.90
0801910,Sant Martí,2019,38010.0,767.31,11.4754098360656,15486,0.2422,113.916,105.13,112.30,125.76,106.82,119.62,108.35
0801910,Sant Martí,2020,37887.0,790.00,11.7289343729695,15985,0.2502,114.424,104.80,111.94,129.47,106.81,123.54,109.18
0801910,Sant Martí,2021,39199.0,800.00,11.8888888888889,16358,0.2449,115.059,107.67,115.81,131.11,107.56,121.77,106.86
0801910,Sant Martí,2022,41317.0,819.33,12.3266114490237,16817,0.2380,118.173,115.87,122.07,134.28,105.35,115.89,101.99
0801910,Sant Martí,2023,44184.0,850.00,12.8571428571429,17569,0.2309,121.451,119.84,130.54,139.31,108.93,116.24,101.34
